archivo,puntos_totales,epsilon,tiempo_s,puntos_conservados,puntos_eliminados,simplificacion_pct,desviacion_max,valido
trayectoria_1000.txt,1000,0.001,0.002238,997,3,0.30,0.000908,OK
trayectoria_1000.txt,1000,0.01,0.002242,970,30,3.00,0.009713,OK
trayectoria_1000.txt,1000,0.1,0.002163,683,317,31.70,0.099643,OK
trayectoria_1000.txt,1000,0.5,0.001751,169,831,83.10,0.499461,OK
trayectoria_1000.txt,1000,1.0,0.001616,116,884,88.40,0.973495,OK
trayectoria_1000.txt,1000,10.0,0.001236,34,966,96.60,9.504673,OK
trayectoria_5000.txt,5000,0.001,0.015214,4983,17,0.34,0.000955,OK
trayectoria_5000.txt,5000,0.01,0.015122,4789,211,4.22,0.009979,OK
trayectoria_5000.txt,5000,0.1,0.014460,3210,1790,35.80,0.099933,OK
trayectoria_5000.txt,5000,0.5,0.009810,301,4699,93.98,0.499713,OK
trayectoria_5000.txt,5000,1.0,0.008195,118,4882,97.64,0.982629,OK
trayectoria_5000.txt,5000,10.0,0.006429,35,4965,99.30,7.887774,OK
trayectoria_10000.txt,10000,0.001,0.034157,9963,37,0.37,0.000978,OK
trayectoria_10000.txt,10000,0.01,0.034069,9591,409,4.09,0.009982,OK
trayectoria_10000.txt,10000,0.1,0.033647,6680,3320,33.20,0.099998,OK
trayectoria_10000.txt,10000,0.5,0.022430,555,9445,94.45,0.499883,OK
trayectoria_10000.txt,10000,1.0,0.016789,121,9879,98.79,0.986529,OK
trayectoria_10000.txt,10000,10.0,0.012714,32,9968,99.68,9.993083,OK
trayectoria_20000.txt,20000,0.001,0.081395,19937,63,0.32,0.001000,OK
trayectoria_20000.txt,20000,0.01,0.090618,19365,635,3.17,0.009976,OK
trayectoria_20000.txt,20000,0.1,0.088050,13646,6354,31.77,0.099992,OK
trayectoria_20000.txt,20000,0.5,0.055749,1232,18768,93.84,0.499944,OK
trayectoria_20000.txt,20000,1.0,0.033817,121,19879,99.39,0.986030,OK
trayectoria_20000.txt,20000,10.0,0.028389,33,19967,99.83,9.092696,OK
trayectoria_30000.txt,30000,0.001,0.120642,29919,81,0.27,0.000999,OK
trayectoria_30000.txt,30000,0.01,0.120254,29110,890,2.97,0.010000,OK
trayectoria_30000.txt,30000,0.1,0.118367,20941,9059,30.20,0.099996,OK
trayectoria_30000.txt,30000,0.5,0.087381,1876,28124,93.75,0.499941,OK
trayectoria_30000.txt,30000,1.0,0.049881,122,29878,99.59,0.987861,OK
trayectoria_30000.txt,30000,10.0,0.038506,35,29965,99.88,8.156034,OK
trayectoria_50000.txt,50000,0.001,0.216180,49853,147,0.29,0.000982,OK
trayectoria_50000.txt,50000,0.01,0.216605,48663,1337,2.67,0.009989,OK
trayectoria_50000.txt,50000,0.1,0.215067,35789,14211,28.42,0.099985,OK
trayectoria_50000.txt,50000,0.5,0.160321,2990,47010,94.02,0.499881,OK
trayectoria_50000.txt,50000,1.0,0.081742,125,49875,99.75,0.995303,OK
trayectoria_50000.txt,50000,10.0,0.062358,32,49968,99.94,9.501594,OK
