try_id,sample_id,n,epsilon,tiempo_s,conservados,eliminados,simplificacion_pct,desviacion_max,valido
try_2,1,1000,0.001,0.0026495070005694288,994,6,0.6,0.0009243405555643532,True
try_2,2,1000,0.001,0.0022475389996543527,993,7,0.7,0.000973834018148861,True
try_2,3,1000,0.001,0.0022646160005024285,995,5,0.5,0.0008095629821386005,True
try_2,4,1000,0.001,0.002245058999506,995,5,0.5,0.0009489083014970785,True
try_2,5,1000,0.001,0.002266706999762391,990,10,1.0,0.0009289396947147963,True
try_2,1,1000,0.01,0.0022321799997371272,962,38,3.8,0.009735624812013363,True
try_2,2,1000,0.01,0.0023341900005107163,959,41,4.1,0.009520222929616207,True
try_2,3,1000,0.01,0.002240179000182252,965,35,3.5,0.009525871099310721,True
try_2,4,1000,0.01,0.0022429489999922225,963,37,3.7,0.00994436935984821,True
try_2,5,1000,0.01,0.0022147919999042642,953,47,4.7,0.009898658327906911,True
try_2,1,1000,0.1,0.00219645400011359,634,366,36.6,0.09999669374535118,True
try_2,2,1000,0.1,0.0021630070004903246,646,354,35.4,0.09985052648102016,True
try_2,3,1000,0.1,0.0021802949995617382,653,347,34.7,0.09952356517947183,True
try_2,4,1000,0.1,0.00220309299947985,637,363,36.3,0.09861928453183987,True
try_2,5,1000,0.1,0.0022599469994020183,653,347,34.7,0.09919117706869016,True
try_2,1,1000,0.5,0.0017682480001894874,166,834,83.4,0.4997570738898713,True
try_2,2,1000,0.5,0.0017672980002316763,171,829,82.9,0.48704611267984693,True
try_2,3,1000,0.5,0.001770507999935944,172,828,82.8,0.49861000376106696,True
try_2,4,1000,0.5,0.0018326620001971605,164,836,83.6,0.49436776177124075,True
try_2,5,1000,0.5,0.001764208000167855,165,835,83.5,0.49891415890005403,True
try_2,1,1000,1.0,0.001664529000663606,118,882,88.2,0.9447917534083854,True
try_2,2,1000,1.0,0.0017091440004151082,121,879,87.9,0.9942048517995459,True
try_2,3,1000,1.0,0.0017047040000761626,116,884,88.4,0.9897753219059774,True
try_2,4,1000,1.0,0.0016222529993683565,111,889,88.9,0.9820413023281526,True
try_2,5,1000,1.0,0.0017933650005943491,115,885,88.5,0.9658414679497531,True
try_2,1,1000,10.0,0.0012536109998109168,33,967,96.7,9.622059867679448,True
try_2,2,1000,10.0,0.0012497809993874398,33,967,96.7,9.526581409711872,True
try_2,3,1000,10.0,0.0012393719998726738,32,968,96.8,9.096558100112167,True
try_2,4,1000,10.0,0.0013202239997553988,33,967,96.7,9.780489277581724,True
try_2,5,1000,10.0,0.0012514509999164147,32,968,96.8,9.617837429572987,True
try_2,1,5000,0.001,0.015870646999246674,4979,21,0.42,0.0009444017835798328,True
try_2,2,5000,0.001,0.015152740999837988,4979,21,0.42,0.0009995865826350062,True
try_2,3,5000,0.001,0.015071579000505153,4982,18,0.36,0.00097631563229071,True
try_2,4,5000,0.001,0.015015494999715884,4972,28,0.56,0.0009951206259198972,True
try_2,5,5000,0.001,0.015114794000510301,4986,14,0.28,0.00099110918805976,True
try_2,1,5000,0.01,0.014944741999897815,4788,212,4.24,0.00993608860510255,True
try_2,2,5000,0.01,0.01522600299995247,4798,202,4.04,0.009981778989080849,True
try_2,3,5000,0.01,0.014925984000001336,4790,210,4.2,0.009997084321638384,True
try_2,4,5000,0.01,0.014986436999606667,4790,210,4.2,0.009945591163718792,True
try_2,5,5000,0.01,0.015020833999187744,4799,201,4.02,0.00994737704275506,True
try_2,1,5000,0.1,0.014591249000659445,3227,1773,35.46,0.09996322622078838,True
try_2,2,5000,0.1,0.014465481999650365,3196,1804,36.08,0.09996783891906807,True
try_2,3,5000,0.1,0.01460198700078763,3186,1814,36.28,0.0998837849430862,True
try_2,4,5000,0.1,0.014500428000246757,3226,1774,35.48,0.09968220850917976,True
try_2,5,5000,0.1,0.014856441000119958,3227,1773,35.46,0.0999767253663057,True
try_2,1,5000,0.5,0.009849806000602257,293,4707,94.14,0.499705549123152,True
try_2,2,5000,0.5,0.009841027000220492,304,4696,93.92,0.49999376975871573,True
try_2,3,5000,0.5,0.009995131999858131,298,4702,94.04,0.49923554590136937,True
try_2,4,5000,0.5,0.009915349999573664,310,4690,93.8,0.4997983157047405,True
try_2,5,5000,0.5,0.009896331000163627,301,4699,93.98,0.49932980175270236,True
try_2,1,5000,1.0,0.008315803999721538,117,4883,97.66,0.9600458858309675,True
try_2,2,5000,1.0,0.008313764999911655,118,4882,97.64,0.9830706375465719,True
try_2,3,5000,1.0,0.008307516000058968,117,4883,97.66,0.9633321562616493,True
try_2,4,5000,1.0,0.008320388999891293,116,4884,97.68,0.9707971775646629,True
try_2,5,5000,1.0,0.00832877799984999,119,4881,97.62,0.9887179449498037,True
try_2,1,5000,10.0,0.006134342999757791,30,4970,99.4,9.837052742295146,True
try_2,2,5000,10.0,0.007031091000499146,35,4965,99.3,9.460981522355725,True
try_2,3,5000,10.0,0.007037989000309608,34,4966,99.32,9.604126474808238,True
try_2,4,5000,10.0,0.0061365419996946,31,4969,99.38,9.82451692131635,True
try_2,5,5000,10.0,0.006233512000108021,33,4967,99.34,9.9019043465666,True
try_2,1,10000,0.001,0.035058172999924864,9963,37,0.37,0.0009962590909646286,True
try_2,2,10000,0.001,0.03366535599980125,9967,33,0.33,0.0009874548910255242,True
try_2,3,10000,0.001,0.03402193800047826,9958,42,0.42,0.0009904017056764304,True
try_2,4,10000,0.001,0.03396844399958354,9966,34,0.34,0.000994891152740219,True
try_2,5,10000,0.001,0.03415626500009239,9958,42,0.42,0.0009924731680639634,True
try_2,1,10000,0.01,0.03415925499939476,9593,407,4.07,0.009973072876521123,True
try_2,2,10000,0.01,0.03431410800021695,9573,427,4.27,0.009993205863819707,True
try_2,3,10000,0.01,0.0342230379992543,9636,364,3.64,0.009903441979266167,True
try_2,4,10000,0.01,0.03420964900033141,9619,381,3.81,0.009980443303873439,True
try_2,5,10000,0.01,0.034135937000428385,9587,413,4.13,0.00998749206229474,True
try_2,1,10000,0.1,0.033070056000724435,6590,3410,34.1,0.09998762046936974,True
try_2,2,10000,0.1,0.0334218210000472,6676,3324,33.24,0.09998789369502126,True
try_2,3,10000,0.1,0.03307254599985754,6613,3387,33.87,0.09998633743196575,True
try_2,4,10000,0.1,0.033223300999452476,6585,3415,34.15,0.09997373454596313,True
try_2,5,10000,0.1,0.03289074399981473,6545,3455,34.55,0.0999354534863253,True
try_2,1,10000,0.5,0.022886208999807423,623,9377,93.77,0.4997326481488587,True
try_2,2,10000,0.5,0.02257855900006689,579,9421,94.21,0.4997644008112883,True
try_2,3,10000,0.5,0.02238413000031869,550,9450,94.5,0.4991103064316865,True
try_2,4,10000,0.5,0.022769650000554975,567,9433,94.33,0.49993140269781544,True
try_2,5,10000,0.5,0.022290040000370936,562,9438,94.38,0.49989438437381667,True
try_2,1,10000,1.0,0.016604620999714825,119,9881,98.81,0.992702166400036,True
try_2,2,10000,1.0,0.016669143999934022,115,9885,98.85,0.9931449347014752,True
try_2,3,10000,1.0,0.016533738000362064,117,9883,98.83,0.9929719508973404,True
try_2,4,10000,1.0,0.016525897999599692,121,9879,98.79,0.9923111482732037,True
try_2,5,10000,1.0,0.017270903999815346,115,9885,98.85,0.9972702427269843,True
try_2,1,10000,10.0,0.01256393199946615,32,9968,99.68,9.004689158381206,True
try_2,2,10000,10.0,0.013448892000269552,33,9967,99.67,9.216264292400435,True
try_2,3,10000,10.0,0.012546074000056251,33,9967,99.67,9.132188005548311,True
try_2,4,10000,10.0,0.012516816999777802,32,9968,99.68,9.812317668813332,True
try_2,5,10000,10.0,0.013182790000428213,31,9969,99.69,9.76267180611356,True
try_2,1,20000,0.001,0.07566507299998193,19930,70,0.35,0.0009757363881837948,True
try_2,2,20000,0.001,0.07719255800020619,19921,79,0.395,0.0009944447229398197,True
try_2,3,20000,0.001,0.0772175749998496,19925,75,0.375,0.0009987416803948703,True
try_2,4,20000,0.001,0.07618498899955739,19926,74,0.37,0.0009910491818510816,True
try_2,5,20000,0.001,0.07600818700029777,19933,67,0.335,0.0009930225972548015,True
try_2,1,20000,0.01,0.07611985700077639,19362,638,3.19,0.00996728625285062,True
try_2,2,20000,0.01,0.0752162690005207,19322,678,3.39,0.009988698396533643,True
try_2,3,20000,0.01,0.0752341659999729,19335,665,3.325,0.009999761037080284,True
try_2,4,20000,0.01,0.08323885200024961,19341,659,3.295,0.009986455719039819,True
try_2,5,20000,0.01,0.07617616600055044,19345,655,3.275,0.009987964370802068,True
try_2,1,20000,0.1,0.07363419300054375,13722,6278,31.39,0.09999450456359915,True
try_2,2,20000,0.1,0.0735526509997726,13786,6214,31.07,0.09998281997924771,True
try_2,3,20000,0.1,0.07358009899962781,13780,6220,31.1,0.09997456416154687,True
try_2,4,20000,0.1,0.07503856099992845,13731,6269,31.345,0.09996312671025788,True
try_2,5,20000,0.1,0.07487565799965523,13798,6202,31.01,0.09999464628891193,True
try_2,1,20000,0.5,0.05190987999958452,1135,18865,94.325,0.4999438724638475,True
try_2,2,20000,0.5,0.051654376000442426,1209,18791,93.955,0.4994620791080938,True
try_2,3,20000,0.5,0.05163230800008023,1192,18808,94.04,0.4998629803063516,True
try_2,4,20000,0.5,0.0519348980005816,1171,18829,94.145,0.49996624762483777,True
try_2,5,20000,0.5,0.05179929099995206,1206,18794,93.97,0.49985777959299527,True
try_2,1,20000,1.0,0.03317442499974277,121,19879,99.395,0.985335481411155,True
try_2,2,20000,1.0,0.0328014719998464,120,19880,99.4,0.97418788322378,True
try_2,3,20000,1.0,0.03295609599990712,123,19877,99.385,0.9904907999521224,True
try_2,4,20000,1.0,0.032728129999668454,119,19881,99.405,0.9866845548272132,True
try_2,5,20000,1.0,0.03283898799963936,119,19881,99.405,0.9858973349366997,True
try_2,1,20000,10.0,0.025264219999371562,33,19967,99.835,9.943241088474645,True
try_2,2,20000,10.0,0.024723784000343585,32,19968,99.84,9.943810621423042,True
try_2,3,20000,10.0,0.02466697900035797,31,19969,99.845,9.874164537470113,True
try_2,4,20000,10.0,0.025131382999461493,34,19966,99.83,8.328987110794793,True
try_2,5,20000,10.0,0.02464417200008029,31,19969,99.845,9.793869027762298,True
try_2,1,30000,0.001,0.11940451400005259,29918,82,0.2733333333333333,0.0009908688738641718,True
try_2,2,30000,0.001,0.11963983100031328,29934,66,0.22,0.0009929091761859208,True
try_2,3,30000,0.001,0.1217249309993349,29902,98,0.32666666666666666,0.000995259023523025,True
try_2,4,30000,0.001,0.12209809399973892,29907,93,0.31,0.000990061651221949,True
try_2,5,30000,0.001,0.12094250099926285,29910,90,0.3,0.0009814176737111611,True
try_2,1,30000,0.01,0.12184935000004771,29115,885,2.95,0.00996445757408215,True
try_2,2,30000,0.01,0.11939418499969179,29085,915,3.05,0.00998644167931958,True
try_2,3,30000,0.01,0.12020607400063454,29124,876,2.92,0.00998432842600398,True
try_2,4,30000,0.01,0.12072270200042112,29113,887,2.9566666666666666,0.009985418234276072,True
try_2,5,30000,0.01,0.1199523200002659,29117,883,2.9433333333333334,0.009957495267889555,True
try_2,1,30000,0.1,0.120503846000247,21126,8874,29.58,0.09995971497937366,True
try_2,2,30000,0.1,0.11759132400038652,21091,8909,29.696666666666665,0.09998718822499866,True
try_2,3,30000,0.1,0.11940046500058088,20937,9063,30.21,0.09993598452013411,True
try_2,4,30000,0.1,0.11914247999993677,21130,8870,29.566666666666666,0.09996706918642799,True
try_2,5,30000,0.1,0.11956018799992307,21043,8957,29.856666666666666,0.09999835566658856,True
try_2,1,30000,0.5,0.08720941400042648,1830,28170,93.9,0.49979960147391,True
try_2,2,30000,0.5,0.08778962599990336,1888,28112,93.70666666666666,0.499970930869145,True
try_2,3,30000,0.5,0.0874600859997372,1845,28155,93.85,0.49991379845100936,True
try_2,4,30000,0.5,0.08745586999975785,1804,28196,93.98666666666666,0.4997486769433852,True
try_2,5,30000,0.5,0.08804225200037763,1948,28052,93.50666666666666,0.49997526365172434,True
try_2,1,30000,1.0,0.050012979999337404,120,29880,99.6,0.999536548848952,True
try_2,2,30000,1.0,0.04959286100074678,118,29882,99.60666666666667,0.9925979916587583,True
try_2,3,30000,1.0,0.04952717600008327,120,29880,99.6,0.9921417024479885,True
try_2,4,30000,1.0,0.04976517300019623,123,29877,99.59,0.99006273431813,True
try_2,5,30000,1.0,0.04941050900015398,119,29881,99.60333333333334,0.9983182878382193,True
try_2,1,30000,10.0,0.037819924000359606,32,29968,99.89333333333333,9.55132869661027,True
try_2,2,30000,10.0,0.03777842799991049,33,29967,99.89,9.891117082913302,True
try_2,3,30000,10.0,0.03719691500009503,31,29969,99.89666666666666,9.751898736007144,True
try_2,4,30000,10.0,0.037278257999787456,32,29968,99.89333333333333,9.947374726386006,True
try_2,5,30000,10.0,0.03773291200013773,33,29967,99.89,9.540099354063411,True
try_2,1,50000,0.001,0.21805061800023395,49877,123,0.246,0.0009836956321566993,True
try_2,2,50000,0.001,0.21594320199983486,49873,127,0.254,0.0009765352792116971,True
try_2,3,50000,0.001,0.21612731300047017,49846,154,0.308,0.0009937406001321706,True
try_2,4,50000,0.001,0.21492715099975612,49877,123,0.246,0.0009995291647304349,True
try_2,5,50000,0.001,0.21432418399945163,49880,120,0.24,0.0009824592462780617,True
try_2,1,50000,0.01,0.21396295900012774,48709,1291,2.582,0.009991495244387994,True
try_2,2,50000,0.01,0.21327235700027813,48673,1327,2.654,0.009999124226655156,True
try_2,3,50000,0.01,0.2200720820001152,48709,1291,2.582,0.009996504891375244,True
try_2,4,50000,0.01,0.21750946799966187,48774,1226,2.452,0.009989605187079732,True
try_2,5,50000,0.01,0.21757629199964867,48638,1362,2.724,0.009989947217103456,True
try_2,1,50000,0.1,0.21578427599979477,35980,14020,28.04,0.09999384636479906,True
try_2,2,50000,0.1,0.21595566899941332,35989,14011,28.022,0.09999254378877748,True
try_2,3,50000,0.1,0.214910174000579,35799,14201,28.402,0.09999852398857793,True
try_2,4,50000,0.1,0.2130992390002575,35896,14104,28.208,0.0999993368883442,True
try_2,5,50000,0.1,0.21266347099935956,36060,13940,27.88,0.09995848874091996,True
try_2,1,50000,0.5,0.16107964999991964,2980,47020,94.04,0.49989434298968377,True
try_2,2,50000,0.5,0.16030445500018686,3126,46874,93.748,0.4998961830447144,True
try_2,3,50000,0.5,0.15875661299924104,3020,46980,93.96,0.499640525537155,True
try_2,4,50000,0.5,0.15754862900030275,3000,47000,94.0,0.499872030613771,True
try_2,5,50000,0.5,0.16116257199973916,3130,46870,93.74,0.49999908461611187,True
try_2,1,50000,1.0,0.08279637600026035,122,49878,99.756,0.9904506353516673,True
try_2,2,50000,1.0,0.08199316199988971,121,49879,99.758,0.988205853765543,True
try_2,3,50000,1.0,0.0830211539996526,120,49880,99.76,0.9882758721917081,True
try_2,4,50000,1.0,0.08325804200012499,118,49882,99.764,0.9812645206048485,True
try_2,5,50000,1.0,0.08322984400001587,118,49882,99.764,0.9740262450181691,True
try_2,1,50000,10.0,0.06322693199945206,33,49967,99.934,9.67331193470545,True
try_2,2,50000,10.0,0.0645075900001757,34,49966,99.932,8.541664790479173,True
try_2,3,50000,10.0,0.06317742699957307,34,49966,99.932,9.992140900465271,True
try_2,4,50000,10.0,0.06303643100000045,32,49968,99.936,9.306876292479583,True
try_2,5,50000,10.0,0.06305760400027793,33,49967,99.934,9.319080784969083,True
